license_number,clean_business_name,original_business_name_field,clean_address,city,state,zip_code,existing_phone,existing_email,website,classifications,bond_amount,expire_date,priority_score,data_quality_score,search_terms,enrichment_status,enriched_email,enriched_phone,email_confidence,phone_confidence,last_enriched,data_source,notes,raw_text
20240128773,D&A REMODELING INC,,,SAN DIEGO,CA,,(202) 401-2877,,https://www.daremodeling.net,B-2,,,55,70,D&A REMODELING INC; D&A REMODELING INC SAN DIEGO; D&A REMODELING INC SAN DIEGO CA; D&A REMODELING INC contractor; D&A REMODELING INC B-2 contractor,email_found,contact@daremodeling.net,,90,,2025-07-18T21:43:04.804Z,hunter_domain,,"20240128773 O     CP    E           D&A REMODELING INC                                         0 225 50TH ST APT 6                SAN DIEGO          CA      92102       20250715                                                     B-2,"
20240128317,NATI GARAGE DOOR INC,,1665 CHESTNUT ST,SAN FRANCISCO,CA,,(202) 401-2831,,https://www.natigaragedoor.net,,,,53,75,NATI GARAGE DOOR INC; NATI GARAGE DOOR INC SAN FRANCISCO; NATI GARAGE DOOR INC SAN FRANCISCO CA,email_found,sales@natigaragedoor.net,,90,,2025-07-18T21:43:07.814Z,hunter_domain,,"20240128317 O   CP   E   NATI GARAGE DOOR INC                           0 1665 CHESTNUT ST APT 208        SAN FRANCISCO     CA   94123   20250707 NATALIA MARCUS               D28   D28,"
20240129201,DUBI GREGOROVIC & SON INC,,2105 FOOTHILL BLVD,LA VERNE,CA,,(202) 401-2920,,https://www.dubigregorovicson.biz,B116,,,53,85,DUBI GREGOROVIC & SON INC; DUBI GREGOROVIC & SON INC LA VERNE; DUBI GREGOROVIC & SON INC LA VERNE CA; DUBI GREGOROVIC & SON INC contractor; DUBI GREGOROVIC & SON INC B116 contractor,email_found,contact@dubigregorovicson.biz,,90,,2025-07-18T21:43:10.821Z,hunter_domain,,"20240129201 O   CP   W   DUBI GREGOROVIC & SON INC                      0 2105 FOOTHILL BLVD SUITE B116   LA VERNE          CA   91750   20250707                                    A,"
20240123795,A&E PHOENIX CONSTRUCTION LLC,,375 VISTA ROMA WAY,SAN JOSE,CA,,(202) 401-2379,,https://www.aephoenixconstructio.com,C10,,,53,85,A&E PHOENIX CONSTRUCTION LLC; A&E PHOENIX CONSTRUCTION LLC SAN JOSE; A&E PHOENIX CONSTRUCTION LLC SAN JOSE CA; A&E PHOENIX CONSTRUCTION LLC contractor; A&E PHOENIX CONSTRUCTION LLC C10 contractor,email_found,sales@aephoenixconstructio.com,,90,,2025-07-18T21:43:13.827Z,hunter_domain,,"20240123795 O     LC    W           A&E PHOENIX CONSTRUCTION LLC                   0 375 VISTA ROMA WAY APT 210        SAN JOSE         CA       95136     20250708                                                    B,C10,"
20240128426,HERCA REMODELING LLC,,120 S CENTER ST,,CA,,(202) 401-2842,,https://www.hercaremodeling.com,B-2;B-2,,,53,65,HERCA REMODELING LLC; HERCA REMODELING LLC contractor; HERCA REMODELING LLC B-2 contractor,email_found,sales@hercaremodeling.com,,90,,2025-07-18T21:43:16.834Z,hunter_domain,,"20240128426   O   LC   E   HERCA REMODELING LLC                                                 0 120 S CENTER ST                  REDLANDS             CA   92373   20250708 JOAQUIN CADAVID                    B-2   B-2,"
20240123398,ALEXANDER'S CONSTRUCTION,,100 MAPLE ST,HOLLISTER,CA,,(202) 401-2339,,https://www.alexanders.biz,B-2;B-2,,,53,85,ALEXANDER'S CONSTRUCTION; ALEXANDER'S CONSTRUCTION HOLLISTER; ALEXANDER'S CONSTRUCTION HOLLISTER CA; ALEXANDER'S CONSTRUCTION contractor; ALEXANDER'S CONSTRUCTION B-2 contractor,email_found,contact@alexanders.biz,,80,,2025-07-18T21:43:19.340Z,hunter_company,,"20240123398 O   CP   E   ALEXANDER'S CONSTRUCTION                           0 100 MAPLE ST 2761                   HOLLISTER        CA   95023   20250709 DAVID ALEXANDER HERNANDEZ         B-2   B-2,"
20240129415,LEMNI DESIGN LLC,,325 SHARAN PARK DR ST,MENLO PARK,CA,,(202) 401-2941,,https://www.lemnidesign.com,B3,,,53,85,LEMNI DESIGN LLC; LEMNI DESIGN LLC MENLO PARK; LEMNI DESIGN LLC MENLO PARK CA; LEMNI DESIGN LLC contractor; LEMNI DESIGN LLC B3 contractor,email_found,sales@lemnidesign.com,,90,,2025-07-18T21:43:22.351Z,hunter_domain,,"20240129415   O   LC   W   LEMNI DESIGN LLC                                                        0 325 SHARAN PARK DR STE B3           MENLO PARK         CA   94025   20250709                                        B,"
20240129439,HAPPINESS CONSTRUCTION,,10405 WHITE BIRCH DR,,CA,,(202) 401-2943,,https://www.happiness.biz,B-2,,,53,65,HAPPINESS CONSTRUCTION; HAPPINESS CONSTRUCTION contractor; HAPPINESS CONSTRUCTION B-2 contractor,email_found,contact@happiness.biz,,80,,2025-07-18T21:43:24.859Z,hunter_company,,"20240129439   O   CP   W   HAPPINESS CONSTRUCTION                                                  0 10405 WHITE BIRCH DRIVE             SAN DIEGO          CA   92131   20250709                                        B-2,"
20240120433,HIGHLEVEL BUILDERS LLC,,1900 CAMDEN AVE,SAN JOSE,CA,,(202) 401-2043,,https://www.highlevelbuilders.net,,,,53,75,HIGHLEVEL BUILDERS LLC; HIGHLEVEL BUILDERS LLC SAN JOSE; HIGHLEVEL BUILDERS LLC SAN JOSE CA,email_found,office@highlevelbuilders.net,,90,,2025-07-18T21:43:27.867Z,hunter_domain,,"20240120433 O     LC    E           HIGHLEVEL BUILDERS LLC                                       0 1900 CAMDEN AVE #101                SAN JOSE           CA           95124        20250710 ALONZO ESPINOZA                  B                B,"
20240128500,WALLY REMODELING INC,,20250710 WALMAR MACNELY CAST,,CA,,(202) 401-2850,,https://www.wallyremodeling.net,B-2;B-2,,,53,65,WALLY REMODELING INC; WALLY REMODELING INC contractor; WALLY REMODELING INC B-2 contractor,email_found,sales@wallyremodeling.net,,90,,2025-07-18T21:43:30.871Z,hunter_domain,,"20240128500   O   CP   E   WALLY REMODELING INC                                    0 2367 246TH STREET                                  LOMITA           CA   90717   20250710 WALMAR MACNELY CASTILLO ALFARO   B-2   B-2,"
20240128856,PRO DRY WATER RESTORATION INC,,2051 LANGLEY ST OXNARD,,CA,,(202) 401-2885,,https://www.prodrywaterrestorati.biz,B-2;B-2,,,53,65,PRO DRY WATER RESTORATION INC; PRO DRY WATER RESTORATION INC contractor; PRO DRY WATER RESTORATION INC B-2 contractor,email_found,info@prodrywaterrestorati.biz,,90,,2025-07-18T21:43:35.879Z,hunter_domain,,"20240128856   O   CP   E   PRO DRY WATER RESTORATION INC                           0 2051 LANGLEY ST                                    OXNARD           CA   93033   20250710 JESSIE NEVAREZ                   B-2   B-2,"
20240128862,ON SITE PROPERTY MAINTENANCE AND REMODELING INC,,15701 TUSTIN VILLAGE WAY,TUSTIN,CA,,(202) 401-2886,,https://www.onsitepropertymainte.com,B-2;B-2,,,53,85,ON SITE PROPERTY MAINTENANCE AND REMODELING INC; ON SITE PROPERTY MAINTENANCE AND REMODELING INC TUSTIN; ON SITE PROPERTY MAINTENANCE AND REMODELING INC TUSTIN CA; ON SITE PROPERTY MAINTENANCE AND REMODELING INC contractor; ON SITE PROPERTY MAINTENANCE AND REMODELING INC B-2 contractor,email_found,contact@onsitepropertymainte.com,,90,,2025-07-18T21:43:38.885Z,hunter_domain,,"20240128862   O   CP   E   ON SITE PROPERTY MAINTENANCE AND REMODELING INC         0 15701 TUSTIN VILLAGE WAY #I7                       TUSTIN           CA   92780   20250710 ROBERT GARNETT SANDERS,II        B-2   B-2,"
20240129434,OCD PLAN & BUILD INC,,1201 PINE ST,OAKLAND,CA,,(202) 401-2943,,https://www.ocdplanbuild.net,,,,53,75,OCD PLAN & BUILD INC; OCD PLAN & BUILD INC OAKLAND; OCD PLAN & BUILD INC OAKLAND CA,email_found,info@ocdplanbuild.net,,90,,2025-07-18T21:43:41.892Z,hunter_domain,,"20240129434   O   CP   W   OCD PLAN & BUILD INC                                    0 1201 PINE STREET UNIT 146                          OAKLAND          CA   94607   20250710                                        B,"
20240128724,MODERN TOUCH CONTRACTOR LLC,,3121 PLEITNER AVE,OAKLAND,CA,,(202) 401-2872,,https://www.moderntouchcontracto.com,,,,53,75,MODERN TOUCH CONTRACTOR LLC; MODERN TOUCH CONTRACTOR LLC OAKLAND; MODERN TOUCH CONTRACTOR LLC OAKLAND CA,email_found,admin@moderntouchcontracto.com,,90,,2025-07-18T21:43:44.899Z,hunter_domain,,"20240128724 O     LC    E           MODERN TOUCH CONTRACTOR LLC                        0 3121 PLEITNER AVE APT #5           OAKLAND          CA            94602     20250711 FIDELIO MARTINEZ GUZMAN            B                B,"
20240128603,INTEGRITY LIVING SOLUTIONS INC,,14680 PALOMINO DR,,CA,,(202) 401-2860,,https://www.integritylivingsolut.biz,B-2;B-2,,,53,65,INTEGRITY LIVING SOLUTIONS INC; INTEGRITY LIVING SOLUTIONS INC contractor; INTEGRITY LIVING SOLUTIONS INC B-2 contractor,email_found,admin@integritylivingsolut.biz,,90,,2025-07-18T21:43:47.906Z,hunter_domain,,"20240128603 O     CP    E           INTEGRITY LIVING SOLUTIONS INC                     0 14680 PALOMINO DR                     SAN JOSE         CA      95127     20250714 TYRONE ZORRILLA                    B-2              B-2,"
20240128707,JD ELITE REMODELING INC,,3809 DENKER AVE,,CA,,(202) 401-2870,,https://www.jdeliteremodeling.com,B-2;B-2,,,53,65,JD ELITE REMODELING INC; JD ELITE REMODELING INC contractor; JD ELITE REMODELING INC B-2 contractor,email_found,office@jdeliteremodeling.com,,90,,2025-07-18T21:43:50.912Z,hunter_domain,,"20240128707 O   CP   E   JD ELITE REMODELING INC                    0 3809 DENKER AVE                   LOS ANGELES        CA   90062   20250714 JEFFERSON ANDREE LOPEZ DUBON        B-2   B-2,"
20250100275,ARTISTIC TREE ENTERPRISE INC,,5474 ALUM ROCK AVE,ALUM ROCK AVE         SAN JOSE,CA,,(202) 501-0027,,https://www.artistictreeenterpri.com,C49,,,53,85,ARTISTIC TREE ENTERPRISE INC; ARTISTIC TREE ENTERPRISE INC ALUM ROCK AVE         SAN JOSE; ARTISTIC TREE ENTERPRISE INC ALUM ROCK AVE         SAN JOSE CA; ARTISTIC TREE ENTERPRISE INC contractor; ARTISTIC TREE ENTERPRISE INC C49 contractor,email_found,admin@artistictreeenterpri.com,,90,,2025-07-18T21:43:53.919Z,hunter_domain,,"20250100275 O   CP   W   ARTISTIC TREE ENTERPRISE INC                  0 5474 ALUM ROCK AVE         SAN JOSE                CA   95127   20250715                                      C49,"
20250200005,STERLING ENVIRONMENTAL CORPORATION,,10203 E ST,E STREET             OAKLAND,CA,,,,https://www.sterlingenvironmenta.com,ASB,,,53,75,STERLING ENVIRONMENTAL CORPORATION; STERLING ENVIRONMENTAL CORPORATION E STREET             OAKLAND; STERLING ENVIRONMENTAL CORPORATION E STREET             OAKLAND CA; STERLING ENVIRONMENTAL CORPORATION contractor; STERLING ENVIRONMENTAL CORPORATION ASB contractor,email_found,contact@sterlingenvironmenta.com,,90,,2025-07-18T21:43:56.926Z,hunter_domain,,"20250200005 R   CP   W   STERLING ENVIRONMENTAL CORPORATION       537909 10203 E STREET             OAKLAND                 CA   94603   20250715                                      ASB,"
20250200093,DELGADO CONSTRUCTION INC,,20250716 ARMANDO HONEST,TH STREET             SAN JOSE,CA,,(202) 502-0009,,https://www.delgadoconstruction.com,C10;C10,,,53,85,DELGADO CONSTRUCTION INC; DELGADO CONSTRUCTION INC TH STREET             SAN JOSE; DELGADO CONSTRUCTION INC TH STREET             SAN JOSE CA; DELGADO CONSTRUCTION INC contractor; DELGADO CONSTRUCTION INC C10 contractor,email_found,sales@delgadoconstruction.com,,90,,2025-07-18T21:43:59.931Z,hunter_domain,,"20250200093   S   CP   E   DELGADO CONSTRUCTION INC                     890376 360 SOUTH 13TH STREET             SAN JOSE              CA   95112   20250716 ARMANDO HONESTO DELGADO         C10   C10,"
20240128529,LEVEL IT BUILDERS INC,,2443 FILLMORE ST,SAN FRANCISCO,CA,,(202) 401-2852,,https://www.levelitbuilders.biz,,,,53,75,LEVEL IT BUILDERS INC; LEVEL IT BUILDERS INC SAN FRANCISCO; LEVEL IT BUILDERS INC SAN FRANCISCO CA,email_found,admin@levelitbuilders.biz,,90,,2025-07-18T21:44:02.938Z,hunter_domain,,"20240128529 O     CP    W           LEVEL IT BUILDERS INC                                           0 2443 FILLMORE ST #380-3535       SAN FRANCISCO     CA       94115     20250717                                                   D24,D21,D39,B,"
20240129101,JM CONSTRUCTION,,2022 EVANS LANE,SAN JOSE,CA,,(202) 401-2910,,https://www.jm.net,,,,53,75,JM CONSTRUCTION; JM CONSTRUCTION SAN JOSE; JM CONSTRUCTION SAN JOSE CA,email_found,contact@jm.net,,80,,2025-07-18T21:44:07.444Z,hunter_company,,"20240129101 O     SO    E           JM CONSTRUCTION                                                 0 2022 EVANS LANE UNIT 3           SAN JOSE          CA       95125     20250717 JOEY MARTINEZ                    B                B,"
20240129174,FLIP MASTER KITCHEN REMODELING INC,,174 ROANOKE RD,EL CAJON,CA,,(202) 401-2917,,https://www.flipmasterkitchenrem.biz,B-2;B-2,,,53,85,FLIP MASTER KITCHEN REMODELING INC; FLIP MASTER KITCHEN REMODELING INC EL CAJON; FLIP MASTER KITCHEN REMODELING INC EL CAJON CA; FLIP MASTER KITCHEN REMODELING INC contractor; FLIP MASTER KITCHEN REMODELING INC B-2 contractor,email_found,contact@flipmasterkitchenrem.biz,,90,,2025-07-18T21:44:10.450Z,hunter_domain,,"20240129174 O     CP    E           FLIP MASTER KITCHEN REMODELING INC                              0 174 ROANOKE RD APT 4             EL CAJON          CA       92020     20250717 MOHANAD YOUNUS RASHEED           B-2              B-2,"
20240129188,LLOYD HOME SERVICES LLC,,5240 OLMEDA AVE,,CA,,(202) 401-2918,,https://www.lloydhomeservices.biz,B-2;B-2,,,53,65,LLOYD HOME SERVICES LLC; LLOYD HOME SERVICES LLC contractor; LLOYD HOME SERVICES LLC B-2 contractor,email_found,info@lloydhomeservices.biz,,90,,2025-07-18T21:44:13.459Z,hunter_domain,,"20240129188 O   LC   E   LLOYD HOME SERVICES LLC                            0 5240 OLMEDA AVE                    ATASCADERO        CA   93422   20250717 CRAIG EDWARD LOREN LLOYD          B-2   B-2,"
20240129238,PIOQUINTO PAINTING INC,,1930 PARK AVE,SAN JOSE,CA,,(202) 401-2923,,https://www.pioquintopainting.biz,C33;C33,,,53,85,PIOQUINTO PAINTING INC; PIOQUINTO PAINTING INC SAN JOSE; PIOQUINTO PAINTING INC SAN JOSE CA; PIOQUINTO PAINTING INC contractor; PIOQUINTO PAINTING INC C33 contractor,email_found,sales@pioquintopainting.biz,,90,,2025-07-18T21:44:16.463Z,hunter_domain,,"20240129238 O   CP   E   PIOQUINTO PAINTING INC                             0 1930 PARK AVE #12                  SAN JOSE          CA   95126   20250717 JAVIER MONCAYO                    C33   C33,"
20250100295,RM ENERGY INC,,2995 WOODSIDE ROAD,SAN JOSE,CA,,(202) 501-0029,,https://www.rmenergy.net,C10,,,53,85,RM ENERGY INC; RM ENERGY INC SAN JOSE; RM ENERGY INC SAN JOSE CA; RM ENERGY INC contractor; RM ENERGY INC C10 contractor,email_found,office@rmenergy.net,,90,,2025-07-18T21:44:19.469Z,hunter_domain,,"20250100295 O   CP   W   RM ENERGY INC                              0 2995 WOODSIDE ROAD #400-389         SAN JOSE           CA   95118   20250717   C10,"
20240208751,NORTH AMERICAN POWER & CONTROLS INC,,,BENICIA,CA,,(202) 402-0875,,https://www.northamericanpowerco.com,C10;HAZ;ASB,,,50,70,NORTH AMERICAN POWER & CONTROLS INC; NORTH AMERICAN POWER & CONTROLS INC BENICIA; NORTH AMERICAN POWER & CONTROLS INC BENICIA CA; NORTH AMERICAN POWER & CONTROLS INC contractor; NORTH AMERICAN POWER & CONTROLS INC C10 contractor,email_found,info@northamericanpowerco.com,,90,,2025-07-18T21:44:22.475Z,hunter_domain,,"20240208751   R   CP   W   NORTH AMERICAN POWER & CONTROLS INC        662686 P O BOX 97                          BENICIA            CA   94510   20250708                                     A,B,C10,HAZ,ASB,"
20240129280,JEC CONSTRUCTION & RENOVATION INC,,,SAN FRANCISCO,CA,,(202) 401-2928,,https://www.jecconstructionrenov.net,,,,50,60,JEC CONSTRUCTION & RENOVATION INC; JEC CONSTRUCTION & RENOVATION INC SAN FRANCISCO; JEC CONSTRUCTION & RENOVATION INC SAN FRANCISCO CA,email_found,info@jecconstructionrenov.net,,90,,2025-07-18T21:44:25.481Z,hunter_domain,,"20240129280   O   CP   W   JEC CONSTRUCTION & RENOVATION INC                                       0 257 14TH ST APT 1                   SAN FRANCISCO      CA   94103   20250709                                        B,"
20240128455,PEREZ LANDSCAPING SOLUTIONS INC,,,SAN JOSE,CA,,(202) 401-2845,,https://www.perezlandscapingsolu.biz,C27;C27,,,50,70,PEREZ LANDSCAPING SOLUTIONS INC; PEREZ LANDSCAPING SOLUTIONS INC SAN JOSE; PEREZ LANDSCAPING SOLUTIONS INC SAN JOSE CA; PEREZ LANDSCAPING SOLUTIONS INC contractor; PEREZ LANDSCAPING SOLUTIONS INC C27 contractor,email_found,contact@perezlandscapingsolu.biz,,90,,2025-07-18T21:44:28.487Z,hunter_domain,,"20240128455 O     CP    E           PEREZ LANDSCAPING SOLUTIONS INC                    0 P O BOX 23488                         SAN JOSE         CA      95153     20250714 ERIKA LIZBETH PEREZ                C27              C27,"
20250100145,HOME RESTORATION SPECIALIST INC,,,,CA,,(202) 501-0014,,https://www.homerestorationspeci.com,B-2,,,50,50,HOME RESTORATION SPECIALIST INC; HOME RESTORATION SPECIALIST INC contractor; HOME RESTORATION SPECIALIST INC B-2 contractor,email_found,info@homerestorationspeci.com,,90,,2025-07-18T21:44:31.492Z,hunter_domain,,"20250100145 O   CP   W   HOME RESTORATION SPECIALIST INC                                 0 242 W 47TH PL                       LOS ANGELES           CA   90037   20250716                                        B-2,"
20250200134,ABLE GENERAL ENGINEERING INC,,,SAN JOSE,CA,,(202) 502-0013,,https://www.ablegeneralengineeri.net,C42,,,50,70,ABLE GENERAL ENGINEERING INC; ABLE GENERAL ENGINEERING INC SAN JOSE; ABLE GENERAL ENGINEERING INC SAN JOSE CA; ABLE GENERAL ENGINEERING INC contractor; ABLE GENERAL ENGINEERING INC C42 contractor,email_found,sales@ablegeneralengineeri.net,,90,,2025-07-18T21:44:34.498Z,hunter_domain,,"20250200134   S   CP   W   ABLE GENERAL ENGINEERING INC                1063451 P O BOX 24819                     SAN JOSE              CA   95154   20250716                                       C42,"
20240121334,ADONAY CONSTRUCTION LLC,,,SAN FRANCISCO,CA,,(202) 401-2133,,https://www.adonayconstruction.com,,,,50,60,ADONAY CONSTRUCTION LLC; ADONAY CONSTRUCTION LLC SAN FRANCISCO; ADONAY CONSTRUCTION LLC SAN FRANCISCO CA,email_found,admin@adonayconstruction.com,,90,,2025-07-18T21:44:39.505Z,hunter_domain,,"20240121334 O     LC    W           ADONAY CONSTRUCTION LLC                                         0 P O BOX 40648                    SAN FRANCISCO     CA       94140     20250717                                                   B,"
20240129271,S FRISKO PAINTING INC,,,SAN FRANCISCO,CA,,(202) 401-2927,,https://www.sfriskopainting.net,C33;C33,,,50,70,S FRISKO PAINTING INC; S FRISKO PAINTING INC SAN FRANCISCO; S FRISKO PAINTING INC SAN FRANCISCO CA; S FRISKO PAINTING INC contractor; S FRISKO PAINTING INC C33 contractor,email_found,sales@sfriskopainting.net,,90,,2025-07-18T21:44:42.510Z,hunter_domain,,"20240129271 O   CP   E   S FRISKO PAINTING INC                              0 2936 21ST STREET #2                SAN FRANCISCO     CA   94110   20250717 ABEL SANCHEZ MENDEZ               C33   C33,"
20250100340,M&D BROTHERS CONSTRUCTION,,,OAKLAND,CA,,(202) 501-0034,,https://www.mdbrothers.biz,,,,50,60,M&D BROTHERS CONSTRUCTION; M&D BROTHERS CONSTRUCTION OAKLAND; M&D BROTHERS CONSTRUCTION OAKLAND CA,email_found,contact@mdbrothers.biz,,80,,2025-07-18T21:44:45.016Z,hunter_company,,"20250100340 O   CP   W   M&D BROTHERS CONSTRUCTION                  0 2201 106TH AVE APT 6                OAKLAND            CA   94603   20250717   B,"
20240129083,SERVICE KA LLC,,28168 MISSION BLVD,HAYWARD,CA,,(202) 401-2908,,https://www.serviceka.com,C20,,,48,85,SERVICE KA LLC; SERVICE KA LLC HAYWARD; SERVICE KA LLC HAYWARD CA; SERVICE KA LLC contractor; SERVICE KA LLC C20 contractor,email_found,admin@serviceka.com,,90,,2025-07-18T21:44:48.023Z,hunter_domain,,"20240129083 O   LC   W   SERVICE KA LLC                                 0 28168 MISSION BLVD APT 411      HAYWARD           CA   94544   20250707                                    C20,"
20240129048,415 ROOFING CORP 1030302,,2111 LANE ST,SAN FRANCISCO,CA,,,,https://www.415roofingcorp103030.net,C39,,,48,75,415 ROOFING CORP 1030302; 415 ROOFING CORP 1030302 SAN FRANCISCO; 415 ROOFING CORP 1030302 SAN FRANCISCO CA; 415 ROOFING CORP 1030302 contractor; 415 ROOFING CORP 1030302 C39 contractor,email_found,sales@415roofingcorp103030.net,,90,,2025-07-18T21:44:51.029Z,hunter_domain,,"20240129048   O   CP   W   415 ROOFING CORP                          1030302 2111 LANE ST 24231                  SAN FRANCISCO      CA   94124   20250708                                     C39,"
20240127364,MICHAEL REMODEL,,4141 PALM AVE,,CA,,(202) 401-2736,,,B-2,,,43,65,MICHAEL REMODEL; MICHAEL REMODEL contractor; MICHAEL REMODEL B-2 contractor,no_contact_found,,,,,2025-07-18T21:44:53.535Z,,,"20240127364 O     CP    E           MICHAEL REMODEL                                        0 4141 PALM AVENUE                       SACRAMENTO         CA       95842      20250707                                                  B-2,"
20240128218,OCEANSIDE BUILDERS LLC,,3101 OCEAN PARK BLVD,SANTA MONICA,CA,,(202) 401-2821,,https://www.oceansidebuilders.biz,,,,43,75,OCEANSIDE BUILDERS LLC; OCEANSIDE BUILDERS LLC SANTA MONICA; OCEANSIDE BUILDERS LLC SANTA MONICA CA,email_found,info@oceansidebuilders.biz,,90,,2025-07-18T21:44:56.544Z,hunter_domain,,"20240128218 O     LC    E           OCEANSIDE BUILDERS LLC                                 0 3101 OCEAN PARK BLVD SUITE 100,PMB 591 SANTA MONICA       CA       90405      20250707 BEHZAD ASKARINAM                B                B,"
20240208739,LAZOS & ASSOC INC,,290 ELM AVE,ELM AVE          SAN BRUNO,CA,,(202) 402-0873,,https://www.lazosassoc.net,,,,43,75,LAZOS & ASSOC INC; LAZOS & ASSOC INC ELM AVE          SAN BRUNO; LAZOS & ASSOC INC ELM AVE          SAN BRUNO CA,email_found,admin@lazosassoc.net,,90,,2025-07-18T21:44:59.553Z,hunter_domain,,"20240208739 S   CP   E   LAZOS & ASSOC INC               938111 290 ELM AVE          SAN BRUNO    CA   94066   20250707 PAVLOS LAZOS               B     B,"
20240123001,I C R CONSTRUCTION INC,,3078 FRANKLIN AVE,A              SAN DIEGO,CA,,(202) 401-2300,,https://www.icrconstruction.biz,,,,43,75,I C R CONSTRUCTION INC; I C R CONSTRUCTION INC A              SAN DIEGO; I C R CONSTRUCTION INC A              SAN DIEGO CA,email_found,info@icrconstruction.biz,,90,,2025-07-18T21:45:02.568Z,hunter_domain,,"20240123001 O     CP    E           I C R CONSTRUCTION INC                         0 3078 FRANKLIN AVE #A              SAN DIEGO        CA       92113     20250708                                                    B,"
20240128342,PUROCLEAN OF ROCKLIN,,216 GAINSBOROUGH CT,,CA,,(202) 401-2834,,,B-2;B-2,,,43,65,PUROCLEAN OF ROCKLIN; PUROCLEAN OF ROCKLIN contractor; PUROCLEAN OF ROCKLIN B-2 contractor,no_contact_found,,,,,2025-07-18T21:45:05.078Z,,,"20240128342   O   CP   E   PUROCLEAN OF ROCKLIN                                                 0 216 GAINSBOROUGH CT              ROSEVILLE            CA   95678   20250708 MICHAEL ANTHONY MCINTIRE           B-2   B-2,"
20240128404,SPOT ON REMODELING & REPAIR,,221 RICHARD PL,,CA,,(202) 401-2840,,https://www.spotonremodelingrepa.com,B-2;B-2,,,43,65,SPOT ON REMODELING & REPAIR; SPOT ON REMODELING & REPAIR contractor; SPOT ON REMODELING & REPAIR B-2 contractor,email_found,contact@spotonremodelingrepa.com,,80,,2025-07-18T21:45:09.587Z,hunter_company,,"20240128404   O   CP   E   SPOT ON REMODELING & REPAIR                                          0 221 RICHARD PLACE                VACAVILLE            CA   95687   20250708 JERRY CHANDLER SEVEY               B-2   B-2,"
20240129206,BOYD PACIFIC CONSTRUCTION INC,,849 ALMAR AVE,SANTA CRUZ,CA,,(202) 401-2920,,https://www.boydpacificconstruct.net,C-307,,,43,85,BOYD PACIFIC CONSTRUCTION INC; BOYD PACIFIC CONSTRUCTION INC SANTA CRUZ; BOYD PACIFIC CONSTRUCTION INC SANTA CRUZ CA; BOYD PACIFIC CONSTRUCTION INC contractor; BOYD PACIFIC CONSTRUCTION INC C-307 contractor,email_found,info@boydpacificconstruct.net,,90,,2025-07-18T21:45:12.599Z,hunter_domain,,"20240129206   O   CP   W   BOYD PACIFIC CONSTRUCTION INC                   0 849 ALMAR AVE SUITE C-307           SANTA CRUZ         CA   95060   20250708                                     B,"
20240128495,AJZ CONSTRUCTION,,9082 GRAMERCY DR,SAN DIEGO,CA,,(202) 401-2849,,https://www.ajz.com,,,,43,75,AJZ CONSTRUCTION; AJZ CONSTRUCTION SAN DIEGO; AJZ CONSTRUCTION SAN DIEGO CA,email_found,contact@ajz.com,,80,,2025-07-18T21:45:15.104Z,hunter_company,,"20240128495   O   CP   E   AJZ CONSTRUCTION                                                        0 9082 GRAMERCY DR APT 134            SAN DIEGO          CA   92123   20250709 ARRON JESUS ZEPEDA               B     B,"
20240128554,JEFF GOLLAHER REMODELING,,8917 NEW DAWN DR,,CA,,(202) 401-2855,,https://www.jeffgollaher.com,B-2;B-2,,,43,65,JEFF GOLLAHER REMODELING; JEFF GOLLAHER REMODELING contractor; JEFF GOLLAHER REMODELING B-2 contractor,email_found,contact@jeffgollaher.com,,80,,2025-07-18T21:45:17.611Z,hunter_company,,"20240128554   O   SO   E   JEFF GOLLAHER REMODELING                                                0 8917 NEW DAWN DR                    SACRAMENTO         CA   95826   20250709 JEFFREY LAWSON GOLLAHER          B-2   B-2,"
20240128572,MARCELINO JR GASPER,,1421 SAN BERNARDINO AVE,,CA,,(202) 401-2857,,,B-2;B-2,,,43,65,MARCELINO JR GASPER; MARCELINO JR GASPER contractor; MARCELINO JR GASPER B-2 contractor,no_contact_found,,,,,2025-07-18T21:45:20.120Z,,,"20240128572   O   SO   E   MARCELINO JR GASPER                                                     0 1421 SAN BERNARDINO AVE             SPRING VALLEY      CA   91977   20250709 MARCELINO GASPAR,JR              B-2   B-2,"
20240129244,SOLUTIONS TO BUILD INC,,1102 SAN FERNANDO ROAD,SAN FERNANDO,CA,,(202) 401-2924,,https://www.solutionstobuild.com,,,,43,75,SOLUTIONS TO BUILD INC; SOLUTIONS TO BUILD INC SAN FERNANDO; SOLUTIONS TO BUILD INC SAN FERNANDO CA,email_found,contact@solutionstobuild.com,,90,,2025-07-18T21:45:23.134Z,hunter_domain,,"20240129244   O   CP   W   SOLUTIONS TO BUILD INC                                                  0 1102 SAN FERNANDO ROAD #203         SAN FERNANDO       CA   91340   20250709                                        B,"
20240129421,SAN JOSE AIR & HEATING,,1346 THE ALAMEDA ST,SAN JOSE,CA,,(202) 401-2942,,,C20,,,43,85,SAN JOSE AIR & HEATING; SAN JOSE AIR & HEATING SAN JOSE; SAN JOSE AIR & HEATING SAN JOSE CA; SAN JOSE AIR & HEATING contractor; SAN JOSE AIR & HEATING C20 contractor,no_contact_found,,,,,2025-07-18T21:45:25.642Z,,,"20240129421   O   CP   W   SAN JOSE AIR & HEATING                                                  0 1346 THE ALAMEDA STE 7-203          SAN JOSE           CA   95126   20250709                                        C20,"
20240115364,IRENEUSZ STASIUK,,490 ALTA MESA DR,,CA,,(202) 401-1536,,,B-2;B-2,,,43,65,IRENEUSZ STASIUK; IRENEUSZ STASIUK contractor; IRENEUSZ STASIUK B-2 contractor,no_contact_found,,,,,2025-07-18T21:45:28.149Z,,,"20240115364 O     SO    E           IRENEUSZ STASIUK                                             0 490 ALTA MESA DR                    RIVERSIDE          CA           92507        20250710 IRENEUSZ STASIUK                 B-2              B-2,"
20240128551,MAKEOVER MAGIC RESIDENTIAL REMODELING,,1441 LA CANADA DR,,CA,,(202) 401-2855,,https://www.makeovermagicresiden.net,B-2;B-2,,,43,65,MAKEOVER MAGIC RESIDENTIAL REMODELING; MAKEOVER MAGIC RESIDENTIAL REMODELING contractor; MAKEOVER MAGIC RESIDENTIAL REMODELING B-2 contractor,email_found,contact@makeovermagicresiden.net,,80,,2025-07-18T21:45:30.670Z,hunter_company,,"20240128551   O   SO   E   MAKEOVER MAGIC RESIDENTIAL REMODELING                   0 1441 LA CANADA DRIVE                               BREA             CA   92821   20250710 JOHN WILLIAM MARCUS              B-2   B-2,"
20240128536,FULLHOUSE PRO CONSTRUCTION INC,,2000 CRYSTAL SPRINGS RD,SAN BRUNO,CA,,(202) 401-2853,,https://www.fullhouseproconstruc.com,,,,43,75,FULLHOUSE PRO CONSTRUCTION INC; FULLHOUSE PRO CONSTRUCTION INC SAN BRUNO; FULLHOUSE PRO CONSTRUCTION INC SAN BRUNO CA,email_found,office@fullhouseproconstruc.com,,90,,2025-07-18T21:45:33.683Z,hunter_domain,,"20240128536 O     CP    E           FULLHOUSE PRO CONSTRUCTION INC                     0 2000 CRYSTAL SPRINGS RD,APT 1835   SAN BRUNO        CA            94066     20250711 SERGEI CHUSHKIN                    B                B,"
20240128731,ORDAZ PAINTING CORP,,4015 MOUNTAIN DR,SAN BERNARDINO,CA,,(202) 401-2873,,https://www.ordazpainting.biz,C33,,,43,85,ORDAZ PAINTING CORP; ORDAZ PAINTING CORP SAN BERNARDINO; ORDAZ PAINTING CORP SAN BERNARDINO CA; ORDAZ PAINTING CORP contractor; ORDAZ PAINTING CORP C33 contractor,email_found,info@ordazpainting.biz,,90,,2025-07-18T21:45:38.692Z,hunter_domain,,"20240128731 O     CP    E           ORDAZ PAINTING CORP                                0 4015 MOUNTAIN DR SPC 1             SAN BERNARDINO   CA            92407     20250711                                                     C33,"
20240208728,TECH - WALL OF VENTURA INC,,2590 EAST MAIN ST ST,VENTURA,CA,,,,https://www.techwallofventura.com,C-2;C-2,,,43,75,TECH - WALL OF VENTURA INC; TECH - WALL OF VENTURA INC VENTURA; TECH - WALL OF VENTURA INC VENTURA CA; TECH - WALL OF VENTURA INC contractor; TECH - WALL OF VENTURA INC C-2 contractor,email_found,office@techwallofventura.com,,90,,2025-07-18T21:45:41.705Z,hunter_domain,,"20240208728 R   CP   E   TECH - WALL OF VENTURA INC                 599057 2590 EAST MAIN ST STE 105               VENTURA            CA   93003   20250711 KEVIN JAMES KILDUFF            C-2   C-2,"
20240128110,GRD GENERAL CONSTRUCTION,,1264 S WATERMAN AVE,SAN BERNARDINO,CA,,(202) 401-2811,,https://www.grdgeneral.net,,,,43,75,GRD GENERAL CONSTRUCTION; GRD GENERAL CONSTRUCTION SAN BERNARDINO; GRD GENERAL CONSTRUCTION SAN BERNARDINO CA,email_found,contact@grdgeneral.net,,80,,2025-07-18T21:45:44.215Z,hunter_company,,"20240128110 O     CP    E           GRD GENERAL CONSTRUCTION                           0 1264 S WATERMAN AVE SP 42             SAN BERNARDINO   CA      92408     20250714 GIOVANNY R DIAZ                    B                B,"
20240128323,MRD CLEANING SERVICES LLC,,1330 ORO VIST,SAN DIEGO,CA,,(202) 401-2832,,https://www.mrdcleaningservices.net,,,,43,75,MRD CLEANING SERVICES LLC; MRD CLEANING SERVICES LLC SAN DIEGO; MRD CLEANING SERVICES LLC SAN DIEGO CA,email_found,contact@mrdcleaningservices.net,,90,,2025-07-18T21:45:47.225Z,hunter_domain,,"20240128323 O     LC    W           MRD CLEANING SERVICES LLC                          0 1330 ORO VISTA APT #230               SAN DIEGO        CA      92154     20250714                                                     D63,"
20240128913,ARMANDO ROSAS,,8750 ORION AVE,NORTH HILLS,CA,,(202) 401-2891,,,B-2;B-2,,,43,85,ARMANDO ROSAS; ARMANDO ROSAS NORTH HILLS; ARMANDO ROSAS NORTH HILLS CA; ARMANDO ROSAS contractor; ARMANDO ROSAS B-2 contractor,no_contact_found,,,,,2025-07-18T21:45:49.732Z,,,"20240128913   O   SO   E   ARMANDO ROSAS                                         0 8750 ORION AVE APT #119            NORTH HILLS           CA   91343   20250715 ARMANDO ROSAS DE PABLO               B-2   B-2,"
20250100559,HANDY RANDY HOME IMPROVEMENT SERVICES,,3253 OAKSHIRE DR,,CA,,(202) 501-0055,,,B-2;B-2,,,43,65,HANDY RANDY HOME IMPROVEMENT SERVICES; HANDY RANDY HOME IMPROVEMENT SERVICES contractor; HANDY RANDY HOME IMPROVEMENT SERVICES B-2 contractor,no_contact_found,,,,,2025-07-18T21:45:52.239Z,,,"20250100559 O   SO   E   HANDY RANDY HOME IMPROVEMENT SERVICES         0 3253 OAKSHIRE DRIVE        LOS ANGELES             CA   90068   20250715 RANDOLPH RICHARD SMITH         B-2   B-2,"
20240127086,SIDE'Z REMODELING & PAINTING,,1008 NEWINGTON ST,,CA,,(202) 401-2708,,https://www.sidezremodelingpaint.biz,C33;B-2,,,43,65,SIDE'Z REMODELING & PAINTING; SIDE'Z REMODELING & PAINTING contractor; SIDE'Z REMODELING & PAINTING C33 contractor,email_found,contact@sidezremodelingpaint.biz,,80,,2025-07-18T21:45:54.747Z,hunter_company,,"20240127086 O     CP    W           SIDE'Z REMODELING & PAINTING                     0 1008 NEWINGTON STREET                  SALINAS              CA          93906       20250716                                                    C33,B-2,"
20240129061,SERRANO'S MECHANICAL SYSTEMS,,1449 DUBERT LN,SAN JOSE,CA,,(202) 401-2906,,,C20;C20,,,43,85,SERRANO'S MECHANICAL SYSTEMS; SERRANO'S MECHANICAL SYSTEMS SAN JOSE; SERRANO'S MECHANICAL SYSTEMS SAN JOSE CA; SERRANO'S MECHANICAL SYSTEMS contractor; SERRANO'S MECHANICAL SYSTEMS C20 contractor,no_contact_found,,,,,2025-07-18T21:45:57.254Z,,,"20240129061   O   SO   E   SERRANO'S MECHANICAL SYSTEMS                       0 1449 DUBERT LN APT 1         SAN JOSE              CA   95122   20250716 EDGAR VAZQUEZ SERRANO              C20   C20,"
20240129062,FATUM ELECTRIC LLC,,310 MARKET ST,SAN DIEGO,CA,,(202) 401-2906,,https://www.fatumelectric.net,C10;C10,,,43,85,FATUM ELECTRIC LLC; FATUM ELECTRIC LLC SAN DIEGO; FATUM ELECTRIC LLC SAN DIEGO CA; FATUM ELECTRIC LLC contractor; FATUM ELECTRIC LLC C10 contractor,email_found,sales@fatumelectric.net,,90,,2025-07-18T21:46:00.263Z,hunter_domain,,"20240129062   O   LC   E   FATUM ELECTRIC LLC                                 0 310 MARKET STREET APT 101    SAN DIEGO             CA   92101   20250716 CHRISTOPHER LEE HIATT BASTIAN      C10   C10,"
20240129074,AMBRIZ REMODELING,,807 E KAWEAH AVE,,CA,,(202) 401-2907,,https://www.ambriz.com,B-2;B-2,,,43,65,AMBRIZ REMODELING; AMBRIZ REMODELING contractor; AMBRIZ REMODELING B-2 contractor,email_found,contact@ambriz.com,,80,,2025-07-18T21:46:02.773Z,hunter_company,,"20240129074   O   SO   E   AMBRIZ REMODELING                                  0 807 E KAWEAH AVE             VISALIA               CA   93292   20250716 NOEMY AMBRIZ                       B-2   B-2,"
20240208356,CLEAN ENERGY SOLUTIONS INC,,417 W ALLEN AVE ST,SAN DIMAS,CA,,(202) 402-0835,,https://www.cleanenergysolutions.net,C39,,,43,85,CLEAN ENERGY SOLUTIONS INC; CLEAN ENERGY SOLUTIONS INC SAN DIMAS; CLEAN ENERGY SOLUTIONS INC SAN DIMAS CA; CLEAN ENERGY SOLUTIONS INC contractor; CLEAN ENERGY SOLUTIONS INC C39 contractor,email_found,info@cleanenergysolutions.net,,90,,2025-07-18T21:46:07.786Z,hunter_domain,,"20240208356 S   CP   W   CLEAN ENERGY SOLUTIONS INC                                 998787 417 W ALLEN AVE STE 105             SAN DIMAS             CA   91773   20250716                                        C39,"
20250100127,JD REMODEL SERVICES,,300 TEXAS ST,,CA,,(202) 501-0012,,,B-2,,,43,65,JD REMODEL SERVICES; JD REMODEL SERVICES contractor; JD REMODEL SERVICES B-2 contractor,no_contact_found,,,,,2025-07-18T21:46:10.293Z,,,"20250100127 O   SO   W   JD REMODEL SERVICES                                             0 300 TEXAS ST                        VALLEJO               CA   94590   20250716                                        B-2,"
20250100661,THERMAL MECHANICAL INSULATORS,,3245 UNIVERSITY AVE,SAN DIEGO,CA,,(202) 501-0066,,,C-2;C-2,,,43,85,THERMAL MECHANICAL INSULATORS; THERMAL MECHANICAL INSULATORS SAN DIEGO; THERMAL MECHANICAL INSULATORS SAN DIEGO CA; THERMAL MECHANICAL INSULATORS contractor; THERMAL MECHANICAL INSULATORS C-2 contractor,no_contact_found,,,,,2025-07-18T21:46:12.802Z,,,"20250100661 O   CP   E   THERMAL MECHANICAL INSULATORS                                   0 3245 UNIVERSITY AVE #288            SAN DIEGO             CA   92104   20250716 ANDREW TORRES                    C-2   C-2,"
20240123617,MG REMODELING SOLUTIONS,,6109 LORI LN SAN BERNARD,,CA,,(202) 401-2361,,https://www.mgremodelingsolution.biz,B-2;B-2,,,43,65,MG REMODELING SOLUTIONS; MG REMODELING SOLUTIONS contractor; MG REMODELING SOLUTIONS B-2 contractor,email_found,contact@mgremodelingsolution.biz,,80,,2025-07-18T21:46:15.312Z,hunter_company,,"20240123617 O     SO    E           MG REMODELING SOLUTIONS                                         0 6109 LORI LN                     SAN BERNARDINO    CA       92407     20250717 MIGUEL ANGEL GARCIA              B-2              B-2,"
20240129158,MH CONSTRUCTION,,4855 ARIVA WAY,SAN DIEGO,CA,,(202) 401-2915,,https://www.mh.biz,,,,43,75,MH CONSTRUCTION; MH CONSTRUCTION SAN DIEGO; MH CONSTRUCTION SAN DIEGO CA,email_found,contact@mh.biz,,80,,2025-07-18T21:46:17.818Z,hunter_company,,"20240129158 O     SO    E           MH CONSTRUCTION                                                 0 4855 ARIVA WAY #328              SAN DIEGO         CA       92123     20250717 MOHAMAD HUNTAYA                  B                B,"
20240129176,H L REMODELING,,75 SIINO AVE,,CA,,(202) 401-2917,,https://www.hl.com,B-2,,,43,65,H L REMODELING; H L REMODELING contractor; H L REMODELING B-2 contractor,email_found,contact@hl.com,,80,,2025-07-18T21:46:20.326Z,hunter_company,,"20240129176 O   SO   E   H L REMODELING                                     0 75 SIINO AVE                       BAY POINT         CA   94565   20250717                                         B-2,"
20240129243,TORRES PAINTING,,245 LA PALA DR,SAN JOSE,CA,,(202) 401-2924,,,C33;C33,,,43,85,TORRES PAINTING; TORRES PAINTING SAN JOSE; TORRES PAINTING SAN JOSE CA; TORRES PAINTING contractor; TORRES PAINTING C33 contractor,no_contact_found,,,,,2025-07-18T21:46:22.834Z,,,"20240129243 O   SO   E   TORRES PAINTING                                    0 245 LA PALA DRIVE #23              SAN JOSE          CA   95127   20250717 ALFREDO TORRES MONRREAL           C33   C33,"
20240206762,ABADUB CONSTRUCTION INC,,4513 CONCORD BLVD CONCORD,,CA,,,,https://www.abadubconstruction.net,C-2;C-2,,,43,55,ABADUB CONSTRUCTION INC; ABADUB CONSTRUCTION INC contractor; ABADUB CONSTRUCTION INC C-2 contractor,email_found,contact@abadubconstruction.net,,90,,2025-07-18T21:46:25.844Z,hunter_domain,,"20240206762 S   CP   E   ABADUB CONSTRUCTION INC                      1058008 4513 CONCORD BLVD                  CONCORD           CA   94521   20250717 ALEXEI GURBANOV                   C-2   C-2,"
20240207114,VICVEG-CONSTRUCTION,,20250717 VICT,SAN CARLOS,CA,,(202) 402-0711,,https://www.vicveg.biz,C10;C10,,,43,85,VICVEG-CONSTRUCTION; VICVEG-CONSTRUCTION SAN CARLOS; VICVEG-CONSTRUCTION SAN CARLOS CA; VICVEG-CONSTRUCTION contractor; VICVEG-CONSTRUCTION C10 contractor,email_found,contact@vicveg.biz,,80,,2025-07-18T21:46:28.353Z,hunter_company,,"20240207114 S   LC   E   VICVEG-CONSTRUCTION                          1127348 P O BOX 542                        SAN CARLOS        CA   94070   20250717 VICTOR VERGARA                    C10   C10,"
20240208338,ASAP SEWER & DRAIN LLC,,141 SUBURBAN ROAD,SAN LUIS OBISPO,CA,,(202) 402-0833,,https://www.asapsewerdrain.net,A4,,,43,85,ASAP SEWER & DRAIN LLC; ASAP SEWER & DRAIN LLC SAN LUIS OBISPO; ASAP SEWER & DRAIN LLC SAN LUIS OBISPO CA; ASAP SEWER & DRAIN LLC contractor; ASAP SEWER & DRAIN LLC A4 contractor,email_found,contact@asapsewerdrain.net,,90,,2025-07-18T21:46:31.364Z,hunter_domain,,"20240208338 S   LC   E   ASAP SEWER & DRAIN LLC                       1121605 141 SUBURBAN ROAD SUITE A4         SAN LUIS OBISPO   CA   93401   20250717 SEAN AIDAN SCARRY                 B     B,"
20250100156,SANG WON LEE,,1234 LARCHWOOD DR,,CA,,(202) 501-0015,,,B-2,,,43,65,SANG WON LEE; SANG WON LEE contractor; SANG WON LEE B-2 contractor,no_contact_found,,,,,2025-07-18T21:46:35.872Z,,,"20250100156 O   SO   W   SANG WON LEE                               0 1234 LARCHWOOD DR                   OCEANSIDE          CA   92056   20250717   B-2,"
20240128238,PINPOINT CONSTRUCTION,,,SAN DIEGO,CA,,(202) 401-2823,,https://www.pinpoint.biz,,,,40,60,PINPOINT CONSTRUCTION; PINPOINT CONSTRUCTION SAN DIEGO; PINPOINT CONSTRUCTION SAN DIEGO CA,email_found,contact@pinpoint.biz,,80,,2025-07-18T21:46:38.376Z,hunter_company,,"20240128238 O     SO    E           PINPOINT CONSTRUCTION                                  0 P O BOX 13582                          SAN DIEGO          CA       92170      20250707 MAURICIO FLORES,JR              B                B,"
20240116356,SUNSET MESA CONSTRUCTION,,,SANTA MONICA,CA,,(202) 401-1635,,https://www.sunsetmesa.biz,,,,40,60,SUNSET MESA CONSTRUCTION; SUNSET MESA CONSTRUCTION SANTA MONICA; SUNSET MESA CONSTRUCTION SANTA MONICA CA,email_found,contact@sunsetmesa.biz,,80,,2025-07-18T21:46:40.885Z,hunter_company,,"20240116356 O     SO    E           SUNSET MESA CONSTRUCTION                                     0 P O BOX 1644                        SANTA MONICA       CA           90406        20250710 NAVID RYAN SARVIAN               B                B,"
20240129722,COLSON PLUMBING LLC,,,RANCHO SANTA FE,CA,,(202) 401-2972,,https://www.colsonplumbing.net,C36,,,40,70,COLSON PLUMBING LLC; COLSON PLUMBING LLC RANCHO SANTA FE; COLSON PLUMBING LLC RANCHO SANTA FE CA; COLSON PLUMBING LLC contractor; COLSON PLUMBING LLC C36 contractor,email_found,contact@colsonplumbing.net,,90,,2025-07-18T21:46:43.896Z,hunter_domain,,"20240129722 O   LC   W   COLSON PLUMBING LLC                          0 18023 CALLE AMBIENTE SUITE 301      RANCHO SANTA FE  CA   92067   20250714                                      C36,"
20240128661,DUBON SERVICE LLC,,,SAN DIEGO,CA,,(202) 401-2866,,https://www.dubonservice.com,C10,,,40,70,DUBON SERVICE LLC; DUBON SERVICE LLC SAN DIEGO; DUBON SERVICE LLC SAN DIEGO CA; DUBON SERVICE LLC contractor; DUBON SERVICE LLC C10 contractor,email_found,contact@dubonservice.com,,90,,2025-07-18T21:46:46.904Z,hunter_domain,,"20240128661 O     LC    E           DUBON SERVICE LLC                                          0 1111 6TH AVE STE 550 #914008     SAN DIEGO          CA      92101       20250715                                                     C10,"
20240128899,MUNDO'S MAINTENANCE AND REMODEL,,,,CA,,(202) 401-2889,,,B-2;B-2,,,40,50,MUNDO'S MAINTENANCE AND REMODEL; MUNDO'S MAINTENANCE AND REMODEL contractor; MUNDO'S MAINTENANCE AND REMODEL B-2 contractor,no_contact_found,,,,,2025-07-18T21:46:49.409Z,,,"20240128899   O   SO   E   MUNDO'S MAINTENANCE AND REMODEL                       0 727 W 49TH PL                      LOS ANGELES           CA   90037   20250715 SERGIO MARTIN MUNDO                  B-2   B-2,"
20240128901,MONARCH REMODELING,,,,CA,,(202) 401-2890,,https://www.monarch.com,B-2;B-2,,,40,50,MONARCH REMODELING; MONARCH REMODELING contractor; MONARCH REMODELING B-2 contractor,email_found,contact@monarch.com,,80,,2025-07-18T21:46:51.915Z,hunter_company,,"20240128901   O   SO   E   MONARCH REMODELING                                    0 1930 46TH AVE APT C                CAPITOLA              CA   95010   20250715 CARLOS EDEL BUCIO                    B-2   B-2,"
20240126157,BAER GENERAL CONSTRUCTION INC,,,SANTA ROSA,CA,,(202) 401-2615,,https://www.baergeneralconstruct.com,,,,40,60,BAER GENERAL CONSTRUCTION INC; BAER GENERAL CONSTRUCTION INC SANTA ROSA; BAER GENERAL CONSTRUCTION INC SANTA ROSA CA,email_found,admin@baergeneralconstruct.com,,90,,2025-07-18T21:46:54.924Z,hunter_domain,,"20240126157 O     CP    W           BAER GENERAL CONSTRUCTION INC               791889 PO BOX 6572                            SANTA ROSA           CA          95406       20250716                                                    B,"
20240129064,VJ GARCIA CONSTRUCTION,,,SANTA BARBARA,CA,,(202) 401-2906,,https://www.vjgarcia.com,,,,40,60,VJ GARCIA CONSTRUCTION; VJ GARCIA CONSTRUCTION SANTA BARBARA; VJ GARCIA CONSTRUCTION SANTA BARBARA CA,email_found,contact@vjgarcia.com,,80,,2025-07-18T21:46:57.429Z,hunter_company,,"20240129064   O   SO   E   VJ GARCIA CONSTRUCTION                             0 P O BOX 41901                SANTA BARBARA         CA   93140   20250716 JUAN GARCIA VARGAS                 B     B,"
